{"Version":1,"ManifestType":"Publish","Endpoints":[{"Route":"css/site.css","AssetFile":"css/site.css","Selectors":[],"ResponseHeaders":[{"Name":"Accept-Ranges","Value":"bytes"},{"Name":"Cache-Control","Value":"no-cache"},{"Name":"Content-Length","Value":"919"},{"Name":"Content-Type","Value":"text/css"},{"Name":"ETag","Value":"\"KoQJJ8d2npGOIXvRSkAv4pUHMNZVmo6zA44nYGiV9KE=\""},{"Name":"Last-Modified","Value":"Thu, 14 Aug 2025 22:04:28 GMT"}],"EndpointProperties":[{"Name":"integrity","Value":"sha256-KoQJJ8d2npGOIXvRSkAv4pUHMNZVmo6zA44nYGiV9KE="}]},{"Route":"css/site.yt6tg1kbfh.css","AssetFile":"css/site.css","Selectors":[],"ResponseHeaders":[{"Name":"Accept-Ranges","Value":"bytes"},{"Name":"Cache-Control","Value":"max-age=31536000, immutable"},{"Name":"Content-Length","Value":"919"},{"Name":"Content-Type","Value":"text/css"},{"Name":"ETag","Value":"\"KoQJJ8d2npGOIXvRSkAv4pUHMNZVmo6zA44nYGiV9KE=\""},{"Name":"Last-Modified","Value":"Thu, 14 Aug 2025 22:04:28 GMT"}],"EndpointProperties":[{"Name":"fingerprint","Value":"yt6tg1kbfh"},{"Name":"integrity","Value":"sha256-KoQJJ8d2npGOIXvRSkAv4pUHMNZVmo6zA44nYGiV9KE="},{"Name":"label","Value":"css/site.css"}]}]}